ID,Date,Random,Location,Site,Observer,Depth (m),Visibility (m),Replicate,Interval,Genus,Species,Scientific Name,Count,Size Est (cm)
1,META-META-25-Mar-23,1,"Calatagan, Batangas",BuntongGasang,KSSorgon,<1,10.0,2.0,40-70,Pomacentrus,moluccensis,Pomacentrus moluccensis,4.0,5.0
2,META-META-25-Mar-23,0,"Calatagan, Batangas",BuntongGasang,KSSorgon,<1,10.0,2.0,40-70,Pomacentrus,moluccensis,Pomacentrus moluccensis,1.0,6.0
3,META-META-25-Mar-23,1,"Calatagan, Batangas",BuntongGasang,KSSorgon,<1,10.0,2.0,40-70,Pomacentrus,adelus,Pomacentrus adelus,1.0,5.0
4,META-META-25-Mar-23,0,"Calatagan, Batangas",BuntongGasang,KSSorgon,<1,10.0,2.0,40-70,Pomacentrus,adelus,Pomacentrus adelus,2.0,7.0
5,META-META-25-Mar-23,1,"Calatagan, Batangas",BuntongGasang,KSSorgon,<1,10.0,2.0,40-70,Pomacentrus,adelus,Pomacentrus adelus,1.0,6.0
6,META-META-25-Mar-23,0,"Calatagan, Batangas",BuntongGasang,KSSorgon,<1,10.0,2.0,40-70,Stethojulis,strigiventer,Stethojulis strigiventer,1.0,8.0
7,META-META-25-Mar-23,0,"Calatagan, Batangas",BuntongGasang,KSSorgon,<1,10.0,2.0,40-70,Pomacentrus,vaiuli,Pomacentrus vaiuli,2.0,5.0
8,META-META-25-Mar-23,0,"Calatagan, Batangas",BuntongGasang,KSSorgon,<1,10.0,2.0,40-70,Pomacentrus,vaiuli,Pomacentrus vaiuli,4.0,7.0
9,META-META-25-Mar-23,0,"Calatagan, Batangas",BuntongGasang,KSSorgon,<1,10.0,2.0,40-70,Pomacentrus,vaiuli,Pomacentrus vaiuli,2.0,5.0
10,META-META-25-Mar-23,0,"Calatagan, Batangas",BuntongGasang,KSSorgon,<1,10.0,2.0,40-70,Plectroglyphidodon,dickii,Plectroglyphidodon dickii,1.0,8.0
11,META-META-25-Mar-23,1,"Calatagan, Batangas",BuntongGasang,KSSorgon,<1,10.0,3.0,30-0,Plectroglyphidodon,dickii,Plectroglyphidodon dickii,1.0,8.0
12,META-META-25-Mar-23,0,"Calatagan, Batangas",BuntongGasang,KSSorgon,<1,10.0,3.0,30-0,Plectroglyphidodon,dickii,Plectroglyphidodon dickii,3.0,7.0
13,META-META-25-Mar-23,0,"Calatagan, Batangas",BuntongGasang,KSSorgon,<1,10.0,3.0,30-0,Plectroglyphidodon,dickii,Plectroglyphidodon dickii,2.0,5.0
14,META-META-25-Mar-23,1,"Calatagan, Batangas",BuntongGasang,KSSorgon,<1,10.0,3.0,30-0,Plectroglyphidodon,dickii,Plectroglyphidodon dickii,4.0,9.0
15,META-META-25-Mar-23,1,"Calatagan, Batangas",BuntongGasang,KSSorgon,<1,10.0,3.0,30-0,Plectroglyphidodon,dickii,Plectroglyphidodon dickii,2.0,7.0
16,META-META-25-Mar-23,0,"Calatagan, Batangas",BuntongGasang,KSSorgon,<1,10.0,3.0,30-0,Pomacentrus,bankanensis,Pomacentrus bankanensis,1.0,3.0
17,META-META-25-Mar-23,0,"Calatagan, Batangas",BuntongGasang,KSSorgon,<1,10.0,3.0,30-0,Stegastes,fasciolatus,Stegastes fasciolatus,1.0,9.0
18,META-META-25-Mar-23,0,"Calatagan, Batangas",BuntongGasang,KSSorgon,<1,10.0,3.0,30-0,Chrysiptera,rex,Chrysiptera rex,2.0,4.0
19,META-META-25-Mar-23,1,"Calatagan, Batangas",BuntongGasang,KSSorgon,<1,10.0,3.0,30-0,Pomacentrus,coelestis,Pomacentrus coelestis,2.0,3.0
20,META-META-25-Mar-23,1,"Calatagan, Batangas",BuntongGasang,KSSorgon,<1,10.0,3.0,30-0,Pomacentrus,coelestis,Pomacentrus coelestis,3.0,3.0
21,META-META-25-Mar-23,1,"Calatagan, Batangas",BuntongGasang,KSSorgon,<1,10.0,1.0,30-0,Pomacentrus,vaiuli,Pomacentrus vaiuli,1.0,6.0
22,META-META-25-Mar-23,0,"Calatagan, Batangas",BuntongGasang,KSSorgon,<1,10.0,1.0,30-0,Plectroglyphidodon,dickii,Plectroglyphidodon dickii,1.0,7.0
23,META-META-25-Mar-23,0,"Calatagan, Batangas",BuntongGasang,KSSorgon,<1,10.0,1.0,30-0,Plectroglyphidodon,dickii,Plectroglyphidodon dickii,8.0,7.0
24,META-META-25-Mar-23,0,"Calatagan, Batangas",BuntongGasang,KSSorgon,<1,10.0,1.0,30-0,Plectroglyphidodon,dickii,Plectroglyphidodon dickii,3.0,6.0
25,META-META-25-Mar-23,0,"Calatagan, Batangas",BuntongGasang,KSSorgon,<1,10.0,1.0,30-0,Plectroglyphidodon,dickii,Plectroglyphidodon dickii,4.0,8.0
26,META-META-25-Mar-23,0,"Calatagan, Batangas",BuntongGasang,KSSorgon,<1,10.0,1.0,30-0,Halichoeres,marginatus,Halichoeres marginatus,1.0,8.0
27,META-META-25-Mar-23,1,"Calatagan, Batangas",BuntongGasang,KSSorgon,<1,10.0,1.0,30-0,Halichoeres,marginatus,Halichoeres marginatus,1.0,12.0
28,META-META-25-Mar-23,0,"Calatagan, Batangas",BuntongGasang,KSSorgon,<1,10.0,1.0,30-0,Halichoeres,marginatus,Halichoeres marginatus,1.0,7.0
29,META-META-25-Mar-23,1,"Calatagan, Batangas",BuntongGasang,KSSorgon,<1,10.0,1.0,30-0,Halichoeres,marginatus,Halichoeres marginatus,1.0,9.0
30,META-META-25-Mar-23,1,"Calatagan, Batangas",BuntongGasang,KSSorgon,<1,10.0,1.0,30-0,Pomacentrus,bankanensis,Pomacentrus bankanensis,2.0,6.0
31,META-META-26-Mar-23,1,"Calatagan, Batangas",QuilitisanMPA,KSSorgon,1.6,9.0,2.0,40-70,Plectroglyphidodon,lacrymatus,Plectroglyphidodon lacrymatus,2.0,8.0
32,META-META-26-Mar-23,1,"Calatagan, Batangas",QuilitisanMPA,KSSorgon,1.6,9.0,2.0,40-70,Plectroglyphidodon,lacrymatus,Plectroglyphidodon lacrymatus,4.0,7.0
33,META-META-26-Mar-23,0,"Calatagan, Batangas",QuilitisanMPA,KSSorgon,1.6,9.0,2.0,40-70,Pomacentrus,adelus,Pomacentrus adelus,2.0,7.0
34,META-META-26-Mar-23,0,"Calatagan, Batangas",QuilitisanMPA,KSSorgon,1.6,9.0,2.0,40-70,Pomacentrus,adelus,Pomacentrus adelus,2.0,5.0
35,META-META-26-Mar-23,0,"Calatagan, Batangas",QuilitisanMPA,KSSorgon,1.6,9.0,2.0,40-70,Pomacentrus,adelus,Pomacentrus adelus,1.0,6.0
36,META-META-26-Mar-23,0,"Calatagan, Batangas",QuilitisanMPA,KSSorgon,1.6,9.0,2.0,40-70,Pomacentrus,coelestis,Pomacentrus coelestis,7.0,3.0
37,META-META-26-Mar-23,0,"Calatagan, Batangas",QuilitisanMPA,KSSorgon,1.6,9.0,2.0,40-70,Pomacentrus,coelestis,Pomacentrus coelestis,1.0,2.0
38,META-META-26-Mar-23,0,"Calatagan, Batangas",QuilitisanMPA,KSSorgon,1.6,9.0,2.0,40-70,Chrysiptera,rex,Chrysiptera rex,5.0,4.0
39,META-META-26-Mar-23,0,"Calatagan, Batangas",QuilitisanMPA,KSSorgon,1.6,9.0,2.0,40-70,Pomacentrus,vaiuli,Pomacentrus vaiuli,5.0,6.0
40,META-META-26-Mar-23,0,"Calatagan, Batangas",QuilitisanMPA,KSSorgon,1.6,9.0,2.0,40-70,Thalassoma,lunare,Thalassoma lunare,1.0,9.0
41,META-META-26-Mar-23,0,"Calatagan, Batangas",QuilitisanMPA,KSSorgon,1.6,9.0,3.0,0-30,Pomacentrus,adelus,Pomacentrus adelus,2.0,7.0
42,META-META-26-Mar-23,0,"Calatagan, Batangas",QuilitisanMPA,KSSorgon,1.6,9.0,3.0,0-30,Pomacentrus,adelus,Pomacentrus adelus,1.0,6.0
43,META-META-26-Mar-23,0,"Calatagan, Batangas",QuilitisanMPA,KSSorgon,1.6,9.0,3.0,0-30,Pomacentrus,adelus,Pomacentrus adelus,3.0,7.0
44,META-META-26-Mar-23,1,"Calatagan, Batangas",QuilitisanMPA,KSSorgon,1.6,9.0,3.0,0-30,Halichoeres,melanurus,Halichoeres melanurus,1.0,5.0
45,META-META-26-Mar-23,1,"Calatagan, Batangas",QuilitisanMPA,KSSorgon,1.6,9.0,3.0,0-30,Acanthochromis,polyacanthus,Acanthochromis polyacanthus,1.0,10.0
46,META-META-26-Mar-23,1,"Calatagan, Batangas",QuilitisanMPA,KSSorgon,1.6,9.0,3.0,0-30,Pomacentrus,bankanensis,Pomacentrus bankanensis,2.0,5.0
47,META-META-26-Mar-23,1,"Calatagan, Batangas",QuilitisanMPA,KSSorgon,1.6,9.0,3.0,0-30,Pomacentrus,bankanensis,Pomacentrus bankanensis,1.0,7.0
48,META-META-26-Mar-23,1,"Calatagan, Batangas",QuilitisanMPA,KSSorgon,1.6,9.0,3.0,0-30,Pomacentrus,bankanensis,Pomacentrus bankanensis,6.0,6.0
49,META-META-26-Mar-23,0,"Calatagan, Batangas",QuilitisanMPA,KSSorgon,1.6,9.0,3.0,0-30,Pomacentrus,coelestis,Pomacentrus coelestis,3.0,3.0
50,META-META-26-Mar-23,1,"Calatagan, Batangas",QuilitisanMPA,KSSorgon,1.6,9.0,3.0,0-30,Pomacentrus,coelestis,Pomacentrus coelestis,2.0,2.0
51,META-META-26-Mar-23,1,"Calatagan, Batangas",QuilitisanMPA,KSSorgon,1.6,9.0,1.0,30-0,Stethojulis,strigiventer,Stethojulis strigiventer,1.0,13.0
52,META-META-26-Mar-23,1,"Calatagan, Batangas",QuilitisanMPA,KSSorgon,1.6,9.0,1.0,30-0,Zanclus,cornutus,Zanclus cornutus,1.0,11.0
53,META-META-26-Mar-23,0,"Calatagan, Batangas",QuilitisanMPA,KSSorgon,1.6,9.0,1.0,30-0,Pomacentrus,vaiuli,Pomacentrus vaiuli,2.0,6.0
54,META-META-26-Mar-23,0,"Calatagan, Batangas",QuilitisanMPA,KSSorgon,1.6,9.0,1.0,30-0,Pomacentrus,vaiuli,Pomacentrus vaiuli,1.0,7.0
55,META-META-26-Mar-23,1,"Calatagan, Batangas",QuilitisanMPA,KSSorgon,1.6,9.0,1.0,30-0,Pomacentrus,adelus,Pomacentrus adelus,1.0,7.0
56,META-META-26-Mar-23,0,"Calatagan, Batangas",QuilitisanMPA,KSSorgon,1.6,9.0,1.0,30-0,Pomacentrus,adelus,Pomacentrus adelus,1.0,8.0
57,META-META-26-Mar-23,1,"Calatagan, Batangas",QuilitisanMPA,KSSorgon,1.6,9.0,1.0,30-0,Pomacentrus,adelus,Pomacentrus adelus,2.0,7.0
58,META-META-26-Mar-23,0,"Calatagan, Batangas",QuilitisanMPA,KSSorgon,1.6,9.0,1.0,30-0,Plectroglyphidodon,lacrymatus,Plectroglyphidodon lacrymatus,2.0,9.0
59,META-META-26-Mar-23,0,"Calatagan, Batangas",QuilitisanMPA,KSSorgon,1.6,9.0,1.0,30-0,Plectroglyphidodon,lacrymatus,Plectroglyphidodon lacrymatus,2.0,7.0
60,META-META-26-Mar-23,1,"Calatagan, Batangas",QuilitisanMPA,KSSorgon,1.6,9.0,1.0,30-0,Stegastes,fasciolatus,Stegastes fasciolatus,2.0,8.0
61,META-META-nan,1,,,,,,,,,,,,
62,META-META-nan,0,,,,,,,,,,,,
63,META-META-nan,0,,,,,,,,,,,,
64,META-META-nan,1,,,,,,,,,,,,
65,META-META-nan,1,,,,,,,,,,,,
66,META-META-nan,1,,,,,,,,,,,,
67,META-META-nan,1,,,,,,,,,,,,
68,META-META-nan,0,,,,,,,,,,,,
69,META-META-nan,1,,,,,,,,,,,,
70,META-META-nan,1,,,,,,,,,,,,
71,META-META-nan,1,,,,,,,,,,,,
72,META-META-nan,0,,,,,,,,,,,,
73,META-META-nan,0,,,,,,,,,,,,
74,META-META-nan,1,,,,,,,,,,,,
75,META-META-nan,0,,,,,,,,,,,,
76,META-META-nan,0,,,,,,,,,,,,
77,META-META-nan,1,,,,,,,,,,,,
78,META-META-nan,1,,,,,,,,,,,,
79,META-META-nan,1,,,,,,,,,,,,
80,META-META-nan,0,,,,,,,,,,,,
81,META-META-nan,1,,,,,,,,,,,,
82,META-META-nan,0,,,,,,,,,,,,
83,META-META-nan,1,,,,,,,,,,,,
84,META-META-nan,1,,,,,,,,,,,,
85,META-META-nan,1,,,,,,,,,,,,
86,META-META-nan,0,,,,,,,,,,,,
87,META-META-nan,0,,,,,,,,,,,,
88,META-META-nan,0,,,,,,,,,,,,
89,META-META-nan,0,,,,,,,,,,,,
90,META-META-nan,0,,,,,,,,,,,,
91,META-META-nan,1,,,,,,,,,,,,
92,META-META-nan,0,,,,,,,,,,,,
93,META-META-nan,1,,,,,,,,,,,,
94,META-META-nan,1,,,,,,,,,,,,
95,META-META-nan,1,,,,,,,,,,,,
96,META-META-nan,0,,,,,,,,,,,,
97,META-META-nan,0,,,,,,,,,,,,
98,META-META-nan,1,,,,,,,,,,,,
99,META-META-nan,0,,,,,,,,,,,,
100,META-META-nan,0,,,,,,,,,,,,
101,META-META-nan,1,,,,,,,,,,,,
102,META-META-nan,1,,,,,,,,,,,,
103,META-META-nan,1,,,,,,,,,,,,
104,META-META-nan,1,,,,,,,,,,,,
105,META-META-nan,0,,,,,,,,,,,,
106,META-META-nan,1,,,,,,,,,,,,
107,META-META-nan,0,,,,,,,,,,,,
108,META-META-nan,1,,,,,,,,,,,,
109,META-META-nan,1,,,,,,,,,,,,
110,META-META-nan,1,,,,,,,,,,,,
111,META-META-nan,1,,,,,,,,,,,,
112,META-META-nan,1,,,,,,,,,,,,
113,META-META-nan,0,,,,,,,,,,,,
114,META-META-nan,0,,,,,,,,,,,,
115,META-META-nan,1,,,,,,,,,,,,
116,META-META-nan,0,,,,,,,,,,,,
117,META-META-nan,0,,,,,,,,,,,,
118,META-META-nan,0,,,,,,,,,,,,
119,META-META-nan,0,,,,,,,,,,,,
120,META-META-nan,1,,,,,,,,,,,,
121,META-META-nan,1,,,,,,,,,,,,
122,META-META-nan,0,,,,,,,,,,,,
123,META-META-nan,0,,,,,,,,,,,,
124,META-META-nan,0,,,,,,,,,,,,
125,META-META-nan,0,,,,,,,,,,,,
126,META-META-nan,0,,,,,,,,,,,,
127,META-META-nan,0,,,,,,,,,,,,
128,META-META-nan,1,,,,,,,,,,,,
129,META-META-nan,0,,,,,,,,,,,,
130,META-META-nan,1,,,,,,,,,,,,
131,META-META-nan,0,,,,,,,,,,,,
132,META-META-nan,1,,,,,,,,,,,,
133,META-META-nan,0,,,,,,,,,,,,
134,META-META-nan,0,,,,,,,,,,,,
135,META-META-nan,1,,,,,,,,,,,,
136,META-META-nan,1,,,,,,,,,,,,
137,META-META-nan,1,,,,,,,,,,,,
138,META-META-nan,0,,,,,,,,,,,,
139,META-META-nan,0,,,,,,,,,,,,
140,META-META-nan,1,,,,,,,,,,,,
141,META-META-nan,1,,,,,,,,,,,,
142,META-META-nan,0,,,,,,,,,,,,
143,META-META-nan,1,,,,,,,,,,,,
144,META-META-nan,0,,,,,,,,,,,,
145,META-META-nan,1,,,,,,,,,,,,
146,META-META-nan,1,,,,,,,,,,,,
147,META-META-nan,0,,,,,,,,,,,,
148,META-META-nan,0,,,,,,,,,,,,
149,META-META-nan,1,,,,,,,,,,,,
150,META-META-nan,0,,,,,,,,,,,,
151,META-META-nan,1,,,,,,,,,,,,
152,META-META-nan,0,,,,,,,,,,,,
153,META-META-nan,0,,,,,,,,,,,,
154,META-META-nan,1,,,,,,,,,,,,
155,META-META-nan,0,,,,,,,,,,,,
156,META-META-nan,0,,,,,,,,,,,,
157,META-META-nan,0,,,,,,,,,,,,
158,META-META-nan,0,,,,,,,,,,,,
159,META-META-nan,0,,,,,,,,,,,,
160,META-META-nan,1,,,,,,,,,,,,
161,META-META-nan,1,,,,,,,,,,,,
162,META-META-nan,1,,,,,,,,,,,,
163,META-META-nan,0,,,,,,,,,,,,
164,META-META-nan,1,,,,,,,,,,,,
165,META-META-nan,0,,,,,,,,,,,,
166,META-META-nan,1,,,,,,,,,,,,
167,META-META-nan,1,,,,,,,,,,,,
168,META-META-nan,1,,,,,,,,,,,,
169,META-META-nan,1,,,,,,,,,,,,
170,META-META-nan,1,,,,,,,,,,,,
171,META-META-nan,1,,,,,,,,,,,,
172,META-META-nan,0,,,,,,,,,,,,
173,META-META-nan,0,,,,,,,,,,,,
174,META-META-nan,1,,,,,,,,,,,,
175,META-META-nan,1,,,,,,,,,,,,
176,META-META-nan,0,,,,,,,,,,,,
177,META-META-nan,1,,,,,,,,,,,,
178,META-META-nan,0,,,,,,,,,,,,
179,META-META-nan,1,,,,,,,,,,,,
180,META-META-nan,0,,,,,,,,,,,,
181,META-META-nan,0,,,,,,,,,,,,
182,META-META-nan,1,,,,,,,,,,,,
183,META-META-nan,0,,,,,,,,,,,,
184,META-META-nan,1,,,,,,,,,,,,
185,META-META-nan,0,,,,,,,,,,,,
186,META-META-nan,0,,,,,,,,,,,,
187,META-META-nan,1,,,,,,,,,,,,
188,META-META-nan,1,,,,,,,,,,,,
189,META-META-nan,1,,,,,,,,,,,,
190,META-META-nan,1,,,,,,,,,,,,
191,META-META-nan,0,,,,,,,,,,,,
192,META-META-nan,1,,,,,,,,,,,,
193,META-META-nan,0,,,,,,,,,,,,
194,META-META-nan,0,,,,,,,,,,,,
195,META-META-nan,1,,,,,,,,,,,,
196,META-META-nan,1,,,,,,,,,,,,
197,META-META-nan,0,,,,,,,,,,,,
198,META-META-nan,0,,,,,,,,,,,,
199,META-META-nan,0,,,,,,,,,,,,
200,META-META-nan,1,,,,,,,,,,,,
201,META-META-nan,0,,,,,,,,,,,,
202,META-META-nan,0,,,,,,,,,,,,
203,META-META-nan,0,,,,,,,,,,,,
204,META-META-nan,0,,,,,,,,,,,,
205,META-META-nan,1,,,,,,,,,,,,
206,META-META-nan,0,,,,,,,,,,,,
207,META-META-nan,0,,,,,,,,,,,,
208,META-META-nan,0,,,,,,,,,,,,
209,META-META-nan,0,,,,,,,,,,,,
210,META-META-nan,1,,,,,,,,,,,,
211,META-META-nan,1,,,,,,,,,,,,
212,META-META-nan,1,,,,,,,,,,,,
213,META-META-nan,1,,,,,,,,,,,,
214,META-META-nan,1,,,,,,,,,,,,
215,META-META-nan,1,,,,,,,,,,,,
216,META-META-nan,1,,,,,,,,,,,,
217,META-META-nan,1,,,,,,,,,,,,
218,META-META-nan,1,,,,,,,,,,,,
219,META-META-nan,0,,,,,,,,,,,,
220,META-META-nan,1,,,,,,,,,,,,
221,META-META-nan,0,,,,,,,,,,,,
222,META-META-nan,0,,,,,,,,,,,,
223,META-META-nan,1,,,,,,,,,,,,
224,META-META-nan,1,,,,,,,,,,,,
225,META-META-nan,1,,,,,,,,,,,,
226,META-META-nan,0,,,,,,,,,,,,
227,META-META-nan,1,,,,,,,,,,,,
228,META-META-nan,0,,,,,,,,,,,,
229,META-META-nan,0,,,,,,,,,,,,
230,META-META-nan,0,,,,,,,,,,,,
231,META-META-nan,0,,,,,,,,,,,,
232,META-META-nan,1,,,,,,,,,,,,
233,META-META-nan,0,,,,,,,,,,,,
234,META-META-nan,0,,,,,,,,,,,,
235,META-META-nan,0,,,,,,,,,,,,
236,META-META-nan,0,,,,,,,,,,,,
237,META-META-nan,1,,,,,,,,,,,,
238,META-META-nan,1,,,,,,,,,,,,
239,META-META-nan,1,,,,,,,,,,,,
240,META-META-nan,1,,,,,,,,,,,,
241,META-META-nan,1,,,,,,,,,,,,
242,META-META-nan,1,,,,,,,,,,,,
243,META-META-nan,1,,,,,,,,,,,,
244,META-META-nan,0,,,,,,,,,,,,
245,META-META-nan,1,,,,,,,,,,,,
246,META-META-nan,1,,,,,,,,,,,,
247,META-META-nan,1,,,,,,,,,,,,
248,META-META-nan,0,,,,,,,,,,,,
249,META-META-nan,0,,,,,,,,,,,,
250,META-META-nan,0,,,,,,,,,,,,
251,META-META-nan,1,,,,,,,,,,,,
252,META-META-nan,1,,,,,,,,,,,,
253,META-META-nan,1,,,,,,,,,,,,
254,META-META-nan,1,,,,,,,,,,,,
255,META-META-nan,1,,,,,,,,,,,,
256,META-META-nan,0,,,,,,,,,,,,
257,META-META-nan,1,,,,,,,,,,,,
258,META-META-nan,1,,,,,,,,,,,,
259,META-META-nan,1,,,,,,,,,,,,
260,META-META-nan,1,,,,,,,,,,,,
261,META-META-nan,1,,,,,,,,,,,,
262,META-META-nan,1,,,,,,,,,,,,
263,META-META-nan,1,,,,,,,,,,,,
264,META-META-nan,0,,,,,,,,,,,,
265,META-META-nan,1,,,,,,,,,,,,
266,META-META-nan,0,,,,,,,,,,,,
267,META-META-nan,0,,,,,,,,,,,,
268,META-META-nan,1,,,,,,,,,,,,
269,META-META-nan,1,,,,,,,,,,,,
270,META-META-nan,0,,,,,,,,,,,,
271,META-META-nan,0,,,,,,,,,,,,
272,META-META-nan,1,,,,,,,,,,,,
273,META-META-nan,1,,,,,,,,,,,,
274,META-META-nan,0,,,,,,,,,,,,
275,META-META-nan,0,,,,,,,,,,,,
276,META-META-nan,1,,,,,,,,,,,,
277,META-META-nan,1,,,,,,,,,,,,
278,META-META-nan,1,,,,,,,,,,,,
279,META-META-nan,0,,,,,,,,,,,,
280,META-META-nan,0,,,,,,,,,,,,
281,META-META-nan,1,,,,,,,,,,,,
282,META-META-nan,0,,,,,,,,,,,,
283,META-META-nan,0,,,,,,,,,,,,
284,META-META-nan,1,,,,,,,,,,,,
285,META-META-nan,1,,,,,,,,,,,,
286,META-META-nan,0,,,,,,,,,,,,
287,META-META-nan,1,,,,,,,,,,,,
288,META-META-nan,1,,,,,,,,,,,,
289,META-META-nan,1,,,,,,,,,,,,
290,META-META-nan,0,,,,,,,,,,,,
291,META-META-nan,1,,,,,,,,,,,,
292,META-META-nan,1,,,,,,,,,,,,
293,META-META-nan,1,,,,,,,,,,,,
294,META-META-nan,0,,,,,,,,,,,,
295,META-META-nan,0,,,,,,,,,,,,
296,META-META-nan,1,,,,,,,,,,,,
297,META-META-nan,1,,,,,,,,,,,,
298,META-META-nan,0,,,,,,,,,,,,
299,META-META-nan,0,,,,,,,,,,,,
300,META-META-nan,1,,,,,,,,,,,,
301,META-META-nan,1,,,,,,,,,,,,
302,META-META-nan,0,,,,,,,,,,,,
303,META-META-nan,1,,,,,,,,,,,,
304,META-META-nan,1,,,,,,,,,,,,
305,META-META-nan,1,,,,,,,,,,,,
306,META-META-nan,1,,,,,,,,,,,,
307,META-META-nan,0,,,,,,,,,,,,
308,META-META-nan,1,,,,,,,,,,,,
309,META-META-nan,1,,,,,,,,,,,,
310,META-META-nan,1,,,,,,,,,,,,
311,META-META-nan,0,,,,,,,,,,,,
312,META-META-nan,1,,,,,,,,,,,,
313,META-META-nan,1,,,,,,,,,,,,
314,META-META-nan,1,,,,,,,,,,,,
315,META-META-nan,0,,,,,,,,,,,,
316,META-META-nan,0,,,,,,,,,,,,
317,META-META-nan,1,,,,,,,,,,,,
318,META-META-nan,1,,,,,,,,,,,,
319,META-META-nan,0,,,,,,,,,,,,
320,META-META-nan,0,,,,,,,,,,,,
321,META-META-nan,0,,,,,,,,,,,,
322,META-META-nan,0,,,,,,,,,,,,
323,META-META-nan,1,,,,,,,,,,,,
324,META-META-nan,1,,,,,,,,,,,,
325,META-META-nan,1,,,,,,,,,,,,
326,META-META-nan,1,,,,,,,,,,,,
327,META-META-nan,0,,,,,,,,,,,,
328,META-META-nan,1,,,,,,,,,,,,
329,META-META-nan,0,,,,,,,,,,,,
330,META-META-nan,0,,,,,,,,,,,,
331,META-META-nan,1,,,,,,,,,,,,
332,META-META-nan,0,,,,,,,,,,,,
333,META-META-nan,0,,,,,,,,,,,,
334,META-META-nan,0,,,,,,,,,,,,
335,META-META-nan,1,,,,,,,,,,,,
336,META-META-nan,0,,,,,,,,,,,,
337,META-META-nan,1,,,,,,,,,,,,
338,META-META-nan,1,,,,,,,,,,,,
339,META-META-nan,1,,,,,,,,,,,,
340,META-META-nan,0,,,,,,,,,,,,
341,META-META-nan,1,,,,,,,,,,,,
342,META-META-nan,0,,,,,,,,,,,,
343,META-META-nan,0,,,,,,,,,,,,
344,META-META-nan,0,,,,,,,,,,,,
345,META-META-nan,1,,,,,,,,,,,,
346,META-META-nan,1,,,,,,,,,,,,
347,META-META-nan,0,,,,,,,,,,,,
348,META-META-nan,1,,,,,,,,,,,,
349,META-META-nan,0,,,,,,,,,,,,
350,META-META-nan,1,,,,,,,,,,,,
351,META-META-nan,1,,,,,,,,,,,,
352,META-META-nan,0,,,,,,,,,,,,
353,META-META-nan,0,,,,,,,,,,,,
354,META-META-nan,1,,,,,,,,,,,,
355,META-META-nan,1,,,,,,,,,,,,
356,META-META-nan,0,,,,,,,,,,,,
357,META-META-nan,0,,,,,,,,,,,,
358,META-META-nan,1,,,,,,,,,,,,
359,META-META-nan,0,,,,,,,,,,,,
360,META-META-nan,1,,,,,,,,,,,,
361,META-META-nan,1,,,,,,,,,,,,
362,META-META-nan,1,,,,,,,,,,,,
363,META-META-nan,1,,,,,,,,,,,,
364,META-META-nan,0,,,,,,,,,,,,
365,META-META-nan,0,,,,,,,,,,,,
366,META-META-nan,1,,,,,,,,,,,,
367,META-META-nan,0,,,,,,,,,,,,
368,META-META-nan,0,,,,,,,,,,,,
369,META-META-nan,1,,,,,,,,,,,,
370,META-META-nan,1,,,,,,,,,,,,
371,META-META-nan,1,,,,,,,,,,,,
372,META-META-nan,0,,,,,,,,,,,,
373,META-META-nan,1,,,,,,,,,,,,
374,META-META-nan,0,,,,,,,,,,,,
375,META-META-nan,0,,,,,,,,,,,,
376,META-META-nan,1,,,,,,,,,,,,
377,META-META-nan,1,,,,,,,,,,,,
378,META-META-nan,1,,,,,,,,,,,,
379,META-META-nan,1,,,,,,,,,,,,
380,META-META-nan,1,,,,,,,,,,,,
381,META-META-nan,0,,,,,,,,,,,,
382,META-META-nan,1,,,,,,,,,,,,
383,META-META-nan,0,,,,,,,,,,,,
384,META-META-nan,0,,,,,,,,,,,,
385,META-META-nan,1,,,,,,,,,,,,
386,META-META-nan,1,,,,,,,,,,,,
387,META-META-nan,1,,,,,,,,,,,,
388,META-META-nan,1,,,,,,,,,,,,
389,META-META-nan,0,,,,,,,,,,,,
390,META-META-nan,1,,,,,,,,,,,,
391,META-META-nan,0,,,,,,,,,,,,
392,META-META-nan,0,,,,,,,,,,,,
393,META-META-nan,0,,,,,,,,,,,,
394,META-META-nan,0,,,,,,,,,,,,
395,META-META-nan,1,,,,,,,,,,,,
396,META-META-nan,0,,,,,,,,,,,,
397,META-META-nan,1,,,,,,,,,,,,
398,META-META-nan,0,,,,,,,,,,,,
399,META-META-nan,1,,,,,,,,,,,,
400,META-META-nan,1,,,,,,,,,,,,
401,META-META-nan,1,,,,,,,,,,,,
402,META-META-nan,0,,,,,,,,,,,,
403,META-META-nan,1,,,,,,,,,,,,
404,META-META-nan,1,,,,,,,,,,,,
405,META-META-nan,0,,,,,,,,,,,,
406,META-META-nan,1,,,,,,,,,,,,
407,META-META-nan,0,,,,,,,,,,,,
408,META-META-nan,0,,,,,,,,,,,,
409,META-META-nan,0,,,,,,,,,,,,
410,META-META-nan,1,,,,,,,,,,,,
411,META-META-nan,1,,,,,,,,,,,,
412,META-META-nan,0,,,,,,,,,,,,
413,META-META-nan,0,,,,,,,,,,,,
414,META-META-nan,1,,,,,,,,,,,,
415,META-META-nan,0,,,,,,,,,,,,
416,META-META-nan,0,,,,,,,,,,,,
417,META-META-nan,1,,,,,,,,,,,,
418,META-META-nan,0,,,,,,,,,,,,
419,META-META-nan,0,,,,,,,,,,,,
420,META-META-nan,1,,,,,,,,,,,,
421,META-META-nan,0,,,,,,,,,,,,
422,META-META-nan,1,,,,,,,,,,,,
423,META-META-nan,1,,,,,,,,,,,,
424,META-META-nan,1,,,,,,,,,,,,
425,META-META-nan,1,,,,,,,,,,,,
426,META-META-nan,0,,,,,,,,,,,,
427,META-META-nan,1,,,,,,,,,,,,
428,META-META-nan,0,,,,,,,,,,,,
429,META-META-nan,0,,,,,,,,,,,,
430,META-META-nan,1,,,,,,,,,,,,
431,META-META-nan,0,,,,,,,,,,,,
432,META-META-nan,0,,,,,,,,,,,,
433,META-META-nan,1,,,,,,,,,,,,
434,META-META-nan,1,,,,,,,,,,,,
435,META-META-nan,1,,,,,,,,,,,,
436,META-META-nan,1,,,,,,,,,,,,
437,META-META-nan,0,,,,,,,,,,,,
438,META-META-nan,1,,,,,,,,,,,,
439,META-META-nan,0,,,,,,,,,,,,
440,META-META-nan,0,,,,,,,,,,,,
441,META-META-nan,1,,,,,,,,,,,,
442,META-META-nan,0,,,,,,,,,,,,
443,META-META-nan,1,,,,,,,,,,,,
444,META-META-nan,0,,,,,,,,,,,,
445,META-META-nan,0,,,,,,,,,,,,
446,META-META-nan,1,,,,,,,,,,,,
447,META-META-nan,1,,,,,,,,,,,,
448,META-META-nan,0,,,,,,,,,,,,
449,META-META-nan,0,,,,,,,,,,,,
450,META-META-nan,0,,,,,,,,,,,,
451,META-META-nan,0,,,,,,,,,,,,
452,META-META-nan,1,,,,,,,,,,,,
453,META-META-nan,1,,,,,,,,,,,,
454,META-META-nan,0,,,,,,,,,,,,
455,META-META-nan,1,,,,,,,,,,,,
456,META-META-nan,0,,,,,,,,,,,,
457,META-META-nan,0,,,,,,,,,,,,
458,META-META-nan,1,,,,,,,,,,,,
459,META-META-nan,0,,,,,,,,,,,,
460,META-META-nan,0,,,,,,,,,,,,
461,META-META-nan,1,,,,,,,,,,,,
462,META-META-nan,0,,,,,,,,,,,,
463,META-META-nan,0,,,,,,,,,,,,
464,META-META-nan,1,,,,,,,,,,,,
465,META-META-nan,0,,,,,,,,,,,,
466,META-META-nan,0,,,,,,,,,,,,
467,META-META-nan,0,,,,,,,,,,,,
468,META-META-nan,1,,,,,,,,,,,,
469,META-META-nan,0,,,,,,,,,,,,
470,META-META-nan,0,,,,,,,,,,,,
471,META-META-nan,0,,,,,,,,,,,,
472,META-META-nan,1,,,,,,,,,,,,
473,META-META-nan,0,,,,,,,,,,,,
474,META-META-nan,0,,,,,,,,,,,,
475,META-META-nan,1,,,,,,,,,,,,
476,META-META-nan,0,,,,,,,,,,,,
477,META-META-nan,1,,,,,,,,,,,,
478,META-META-nan,0,,,,,,,,,,,,
479,META-META-nan,0,,,,,,,,,,,,
480,META-META-nan,1,,,,,,,,,,,,
481,META-META-nan,0,,,,,,,,,,,,
482,META-META-nan,0,,,,,,,,,,,,
483,META-META-nan,1,,,,,,,,,,,,
484,META-META-nan,0,,,,,,,,,,,,
485,META-META-nan,0,,,,,,,,,,,,
486,META-META-nan,0,,,,,,,,,,,,
487,META-META-nan,0,,,,,,,,,,,,
488,META-META-nan,0,,,,,,,,,,,,
489,META-META-nan,0,,,,,,,,,,,,
490,META-META-nan,1,,,,,,,,,,,,
491,META-META-nan,0,,,,,,,,,,,,
492,META-META-nan,0,,,,,,,,,,,,
493,META-META-nan,1,,,,,,,,,,,,
494,META-META-nan,1,,,,,,,,,,,,
495,META-META-nan,0,,,,,,,,,,,,
496,META-META-nan,1,,,,,,,,,,,,
497,META-META-nan,1,,,,,,,,,,,,
498,META-META-nan,1,,,,,,,,,,,,
499,META-META-nan,0,,,,,,,,,,,,
500,META-META-nan,1,,,,,,,,,,,,
501,META-META-nan,1,,,,,,,,,,,,
502,META-META-nan,1,,,,,,,,,,,,
503,META-META-nan,0,,,,,,,,,,,,
504,META-META-nan,1,,,,,,,,,,,,
505,META-META-nan,1,,,,,,,,,,,,
506,META-META-nan,1,,,,,,,,,,,,
507,META-META-nan,0,,,,,,,,,,,,
508,META-META-nan,0,,,,,,,,,,,,
509,META-META-nan,0,,,,,,,,,,,,
510,META-META-nan,1,,,,,,,,,,,,
511,META-META-nan,0,,,,,,,,,,,,
512,META-META-nan,0,,,,,,,,,,,,
513,META-META-nan,0,,,,,,,,,,,,
514,META-META-nan,0,,,,,,,,,,,,
515,META-META-nan,1,,,,,,,,,,,,
516,META-META-nan,0,,,,,,,,,,,,
517,META-META-nan,1,,,,,,,,,,,,
518,META-META-nan,1,,,,,,,,,,,,
519,META-META-nan,0,,,,,,,,,,,,
520,META-META-nan,1,,,,,,,,,,,,
521,META-META-nan,1,,,,,,,,,,,,
522,META-META-nan,1,,,,,,,,,,,,
523,META-META-nan,1,,,,,,,,,,,,
524,META-META-nan,1,,,,,,,,,,,,
525,META-META-nan,0,,,,,,,,,,,,
526,META-META-nan,1,,,,,,,,,,,,
527,META-META-nan,0,,,,,,,,,,,,
528,META-META-nan,0,,,,,,,,,,,,
529,META-META-nan,0,,,,,,,,,,,,
530,META-META-nan,0,,,,,,,,,,,,
531,META-META-nan,1,,,,,,,,,,,,
532,META-META-nan,1,,,,,,,,,,,,
533,META-META-nan,1,,,,,,,,,,,,
534,META-META-nan,0,,,,,,,,,,,,
535,META-META-nan,1,,,,,,,,,,,,
536,META-META-nan,1,,,,,,,,,,,,
537,META-META-nan,0,,,,,,,,,,,,
538,META-META-nan,0,,,,,,,,,,,,
539,META-META-nan,0,,,,,,,,,,,,
540,META-META-nan,1,,,,,,,,,,,,
541,META-META-nan,1,,,,,,,,,,,,
542,META-META-nan,0,,,,,,,,,,,,
543,META-META-nan,0,,,,,,,,,,,,
544,META-META-nan,1,,,,,,,,,,,,
545,META-META-nan,1,,,,,,,,,,,,
546,META-META-nan,0,,,,,,,,,,,,
547,META-META-nan,1,,,,,,,,,,,,
548,META-META-nan,1,,,,,,,,,,,,
549,META-META-nan,0,,,,,,,,,,,,
550,META-META-nan,0,,,,,,,,,,,,
551,META-META-nan,0,,,,,,,,,,,,
552,META-META-nan,0,,,,,,,,,,,,
553,META-META-nan,1,,,,,,,,,,,,
554,META-META-nan,0,,,,,,,,,,,,
555,META-META-nan,1,,,,,,,,,,,,
556,META-META-nan,1,,,,,,,,,,,,
557,META-META-nan,1,,,,,,,,,,,,
558,META-META-nan,0,,,,,,,,,,,,
559,META-META-nan,0,,,,,,,,,,,,
560,META-META-nan,0,,,,,,,,,,,,
561,META-META-nan,0,,,,,,,,,,,,
562,META-META-nan,0,,,,,,,,,,,,
563,META-META-nan,1,,,,,,,,,,,,
564,META-META-nan,0,,,,,,,,,,,,
565,META-META-nan,1,,,,,,,,,,,,
566,META-META-nan,0,,,,,,,,,,,,
567,META-META-nan,1,,,,,,,,,,,,
568,META-META-nan,0,,,,,,,,,,,,
569,META-META-nan,0,,,,,,,,,,,,
570,META-META-nan,1,,,,,,,,,,,,
571,META-META-nan,1,,,,,,,,,,,,
572,META-META-nan,0,,,,,,,,,,,,
573,META-META-nan,0,,,,,,,,,,,,
574,META-META-nan,1,,,,,,,,,,,,
575,META-META-nan,0,,,,,,,,,,,,
576,META-META-nan,1,,,,,,,,,,,,
577,META-META-nan,0,,,,,,,,,,,,
578,META-META-nan,0,,,,,,,,,,,,
579,META-META-nan,1,,,,,,,,,,,,
580,META-META-nan,0,,,,,,,,,,,,
581,META-META-nan,1,,,,,,,,,,,,
582,META-META-nan,0,,,,,,,,,,,,
583,META-META-nan,1,,,,,,,,,,,,
584,META-META-nan,0,,,,,,,,,,,,
585,META-META-nan,1,,,,,,,,,,,,
586,META-META-nan,0,,,,,,,,,,,,
587,META-META-nan,0,,,,,,,,,,,,
588,META-META-nan,1,,,,,,,,,,,,
589,META-META-nan,0,,,,,,,,,,,,
590,META-META-nan,1,,,,,,,,,,,,
591,META-META-nan,1,,,,,,,,,,,,
592,META-META-nan,0,,,,,,,,,,,,
593,META-META-nan,0,,,,,,,,,,,,
594,META-META-nan,0,,,,,,,,,,,,
595,META-META-nan,1,,,,,,,,,,,,
596,META-META-nan,1,,,,,,,,,,,,
597,META-META-nan,0,,,,,,,,,,,,
598,META-META-nan,0,,,,,,,,,,,,
599,META-META-nan,0,,,,,,,,,,,,
600,META-META-nan,0,,,,,,,,,,,,
601,META-META-nan,1,,,,,,,,,,,,
602,META-META-nan,1,,,,,,,,,,,,
603,META-META-nan,1,,,,,,,,,,,,
604,META-META-nan,0,,,,,,,,,,,,
605,META-META-nan,1,,,,,,,,,,,,
606,META-META-nan,0,,,,,,,,,,,,
607,META-META-nan,0,,,,,,,,,,,,
608,META-META-nan,0,,,,,,,,,,,,
609,META-META-nan,0,,,,,,,,,,,,
610,META-META-nan,0,,,,,,,,,,,,
611,META-META-nan,0,,,,,,,,,,,,
612,META-META-nan,1,,,,,,,,,,,,
613,META-META-nan,1,,,,,,,,,,,,
614,META-META-nan,1,,,,,,,,,,,,
615,META-META-nan,0,,,,,,,,,,,,
616,META-META-nan,1,,,,,,,,,,,,
617,META-META-nan,1,,,,,,,,,,,,
618,META-META-nan,0,,,,,,,,,,,,
619,META-META-nan,0,,,,,,,,,,,,
620,META-META-nan,1,,,,,,,,,,,,
621,META-META-nan,0,,,,,,,,,,,,
622,META-META-nan,0,,,,,,,,,,,,
623,META-META-nan,0,,,,,,,,,,,,
624,META-META-nan,0,,,,,,,,,,,,
625,META-META-nan,1,,,,,,,,,,,,
626,META-META-nan,1,,,,,,,,,,,,
627,META-META-nan,1,,,,,,,,,,,,
628,META-META-nan,1,,,,,,,,,,,,
629,META-META-nan,0,,,,,,,,,,,,
630,META-META-nan,0,,,,,,,,,,,,
631,META-META-nan,1,,,,,,,,,,,,
632,META-META-nan,0,,,,,,,,,,,,
633,META-META-nan,0,,,,,,,,,,,,
634,META-META-nan,1,,,,,,,,,,,,
635,META-META-nan,0,,,,,,,,,,,,
636,META-META-nan,0,,,,,,,,,,,,
637,META-META-nan,0,,,,,,,,,,,,
638,META-META-nan,0,,,,,,,,,,,,
639,META-META-nan,1,,,,,,,,,,,,
640,META-META-nan,0,,,,,,,,,,,,
641,META-META-nan,0,,,,,,,,,,,,
642,META-META-nan,0,,,,,,,,,,,,
643,META-META-nan,0,,,,,,,,,,,,
644,META-META-nan,0,,,,,,,,,,,,
645,META-META-nan,1,,,,,,,,,,,,
646,META-META-nan,1,,,,,,,,,,,,
647,META-META-nan,0,,,,,,,,,,,,
648,META-META-nan,1,,,,,,,,,,,,
649,META-META-nan,0,,,,,,,,,,,,
650,META-META-nan,1,,,,,,,,,,,,
651,META-META-nan,0,,,,,,,,,,,,
652,META-META-nan,1,,,,,,,,,,,,
653,META-META-nan,1,,,,,,,,,,,,
654,META-META-nan,0,,,,,,,,,,,,
655,META-META-nan,0,,,,,,,,,,,,
656,META-META-nan,1,,,,,,,,,,,,
657,META-META-nan,0,,,,,,,,,,,,
658,META-META-nan,1,,,,,,,,,,,,
659,META-META-nan,1,,,,,,,,,,,,
660,META-META-nan,0,,,,,,,,,,,,
661,META-META-nan,0,,,,,,,,,,,,
662,META-META-nan,0,,,,,,,,,,,,
663,META-META-nan,1,,,,,,,,,,,,
664,META-META-nan,1,,,,,,,,,,,,
665,META-META-nan,1,,,,,,,,,,,,
666,META-META-nan,0,,,,,,,,,,,,
667,META-META-nan,1,,,,,,,,,,,,
668,META-META-nan,0,,,,,,,,,,,,
669,META-META-nan,0,,,,,,,,,,,,
670,META-META-nan,1,,,,,,,,,,,,
671,META-META-nan,0,,,,,,,,,,,,
672,META-META-nan,0,,,,,,,,,,,,
673,META-META-nan,0,,,,,,,,,,,,
674,META-META-nan,0,,,,,,,,,,,,
675,META-META-nan,1,,,,,,,,,,,,
676,META-META-nan,0,,,,,,,,,,,,
677,META-META-nan,1,,,,,,,,,,,,
678,META-META-nan,1,,,,,,,,,,,,
679,META-META-nan,0,,,,,,,,,,,,
680,META-META-nan,1,,,,,,,,,,,,
681,META-META-nan,0,,,,,,,,,,,,
682,META-META-nan,0,,,,,,,,,,,,
683,META-META-nan,0,,,,,,,,,,,,
684,META-META-nan,0,,,,,,,,,,,,
685,META-META-nan,1,,,,,,,,,,,,
686,META-META-nan,0,,,,,,,,,,,,
687,META-META-nan,1,,,,,,,,,,,,
688,META-META-nan,1,,,,,,,,,,,,
689,META-META-nan,0,,,,,,,,,,,,
690,META-META-nan,0,,,,,,,,,,,,
691,META-META-nan,0,,,,,,,,,,,,
692,META-META-nan,1,,,,,,,,,,,,
693,META-META-nan,1,,,,,,,,,,,,
694,META-META-nan,1,,,,,,,,,,,,
695,META-META-nan,0,,,,,,,,,,,,
696,META-META-nan,1,,,,,,,,,,,,
697,META-META-nan,0,,,,,,,,,,,,
698,META-META-nan,1,,,,,,,,,,,,
699,META-META-nan,1,,,,,,,,,,,,
700,META-META-nan,0,,,,,,,,,,,,
701,META-META-nan,0,,,,,,,,,,,,
702,META-META-nan,1,,,,,,,,,,,,
703,META-META-nan,0,,,,,,,,,,,,
704,META-META-nan,0,,,,,,,,,,,,
705,META-META-nan,1,,,,,,,,,,,,
706,META-META-nan,0,,,,,,,,,,,,
707,META-META-nan,1,,,,,,,,,,,,
708,META-META-nan,1,,,,,,,,,,,,
709,META-META-nan,0,,,,,,,,,,,,
710,META-META-nan,1,,,,,,,,,,,,
711,META-META-nan,0,,,,,,,,,,,,
712,META-META-nan,1,,,,,,,,,,,,
713,META-META-nan,0,,,,,,,,,,,,
714,META-META-nan,0,,,,,,,,,,,,
715,META-META-nan,0,,,,,,,,,,,,
716,META-META-nan,0,,,,,,,,,,,,
717,META-META-nan,0,,,,,,,,,,,,
718,META-META-nan,0,,,,,,,,,,,,
719,META-META-nan,1,,,,,,,,,,,,
720,META-META-nan,0,,,,,,,,,,,,
721,META-META-nan,1,,,,,,,,,,,,
722,META-META-nan,1,,,,,,,,,,,,
723,META-META-nan,0,,,,,,,,,,,,
724,META-META-nan,1,,,,,,,,,,,,
725,META-META-nan,1,,,,,,,,,,,,
726,META-META-nan,0,,,,,,,,,,,,
727,META-META-nan,1,,,,,,,,,,,,
728,META-META-nan,0,,,,,,,,,,,,
729,META-META-nan,0,,,,,,,,,,,,
730,META-META-nan,1,,,,,,,,,,,,
731,META-META-nan,1,,,,,,,,,,,,
732,META-META-nan,0,,,,,,,,,,,,
733,META-META-nan,1,,,,,,,,,,,,
734,META-META-nan,0,,,,,,,,,,,,
735,META-META-nan,0,,,,,,,,,,,,
736,META-META-nan,0,,,,,,,,,,,,
737,META-META-nan,1,,,,,,,,,,,,
738,META-META-nan,0,,,,,,,,,,,,
739,META-META-nan,1,,,,,,,,,,,,
740,META-META-nan,0,,,,,,,,,,,,
741,META-META-nan,0,,,,,,,,,,,,
742,META-META-nan,1,,,,,,,,,,,,
743,META-META-nan,0,,,,,,,,,,,,
744,META-META-nan,0,,,,,,,,,,,,
745,META-META-nan,1,,,,,,,,,,,,
746,META-META-nan,1,,,,,,,,,,,,
747,META-META-nan,0,,,,,,,,,,,,
748,META-META-nan,0,,,,,,,,,,,,
749,META-META-nan,0,,,,,,,,,,,,
750,META-META-nan,0,,,,,,,,,,,,
751,META-META-nan,0,,,,,,,,,,,,
752,META-META-nan,0,,,,,,,,,,,,
753,META-META-nan,0,,,,,,,,,,,,
754,META-META-nan,0,,,,,,,,,,,,
755,META-META-nan,0,,,,,,,,,,,,
756,META-META-nan,1,,,,,,,,,,,,
757,META-META-nan,0,,,,,,,,,,,,
758,META-META-nan,0,,,,,,,,,,,,
759,META-META-nan,1,,,,,,,,,,,,
760,META-META-nan,0,,,,,,,,,,,,
761,META-META-nan,1,,,,,,,,,,,,
762,META-META-nan,0,,,,,,,,,,,,
763,META-META-nan,0,,,,,,,,,,,,
764,META-META-nan,1,,,,,,,,,,,,
765,META-META-nan,0,,,,,,,,,,,,
766,META-META-nan,0,,,,,,,,,,,,
767,META-META-nan,1,,,,,,,,,,,,
768,META-META-nan,1,,,,,,,,,,,,
769,META-META-nan,1,,,,,,,,,,,,
770,META-META-nan,0,,,,,,,,,,,,
771,META-META-nan,0,,,,,,,,,,,,
772,META-META-nan,1,,,,,,,,,,,,
773,META-META-nan,0,,,,,,,,,,,,
774,META-META-nan,0,,,,,,,,,,,,
775,META-META-nan,1,,,,,,,,,,,,
776,META-META-nan,0,,,,,,,,,,,,
777,META-META-nan,1,,,,,,,,,,,,
778,META-META-nan,1,,,,,,,,,,,,
779,META-META-nan,1,,,,,,,,,,,,
780,META-META-nan,1,,,,,,,,,,,,
781,META-META-nan,1,,,,,,,,,,,,
782,META-META-nan,1,,,,,,,,,,,,
783,META-META-nan,0,,,,,,,,,,,,
784,META-META-nan,1,,,,,,,,,,,,
785,META-META-nan,0,,,,,,,,,,,,
786,META-META-nan,1,,,,,,,,,,,,
787,META-META-nan,1,,,,,,,,,,,,
788,META-META-nan,0,,,,,,,,,,,,
789,META-META-nan,1,,,,,,,,,,,,
790,META-META-nan,1,,,,,,,,,,,,
791,META-META-nan,1,,,,,,,,,,,,
792,META-META-nan,1,,,,,,,,,,,,
793,META-META-nan,1,,,,,,,,,,,,
794,META-META-nan,0,,,,,,,,,,,,
795,META-META-nan,0,,,,,,,,,,,,
796,META-META-nan,0,,,,,,,,,,,,
797,META-META-nan,1,,,,,,,,,,,,
798,META-META-nan,1,,,,,,,,,,,,
799,META-META-nan,1,,,,,,,,,,,,
800,META-META-nan,0,,,,,,,,,,,,
801,META-META-nan,0,,,,,,,,,,,,
802,META-META-nan,1,,,,,,,,,,,,
803,META-META-nan,0,,,,,,,,,,,,
804,META-META-nan,1,,,,,,,,,,,,
805,META-META-nan,0,,,,,,,,,,,,
806,META-META-nan,0,,,,,,,,,,,,
